{"cameraMode":{"drawMode":0,"name":"Shaded","section":"Shading Mode"},"sceneLighting":true,"audioPlay":false,"sceneViewState":{"m_AlwaysRefresh":false,"showFog":true,"showSkybox":true,"showFlares":true,"showImageEffects":true,"showParticleSystems":true,"showVisualEffectGraphs":true,"m_FxEnabled":true},"in2DMode":false,"pivot":{"x":172.46128845214845,"y":-103.88877868652344,"z":-107.73460388183594},"rotation":{"x":0.12633715569972993,"y":0.834800660610199,"z":-0.21526998281478883,"w":0.4903654456138611},"size":116.20642852783203,"orthographic":false}