{"cameraMode":{"drawMode":0,"name":"Shaded","section":"Shading Mode"},"sceneLighting":true,"audioPlay":false,"sceneViewState":{"m_AlwaysRefresh":false,"showFog":true,"showSkybox":true,"showFlares":true,"showImageEffects":true,"showParticleSystems":true,"showVisualEffectGraphs":true,"m_FxEnabled":true},"in2DMode":false,"pivot":{"x":787.935302734375,"y":421.76153564453127,"z":18.118806838989259},"rotation":{"x":0.0033132846001535656,"y":-0.020462321117520334,"z":0.00007376697612926364,"w":0.9996827244758606},"size":153.71453857421876,"orthographic":false}