{"cameraMode":{"drawMode":0,"name":"Shaded","section":"Shading Mode"},"sceneLighting":true,"audioPlay":false,"sceneViewState":{"m_AlwaysRefresh":false,"showFog":true,"showSkybox":true,"showFlares":true,"showImageEffects":true,"showParticleSystems":true,"showVisualEffectGraphs":true,"m_FxEnabled":true},"in2DMode":false,"pivot":{"x":56.266605377197269,"y":13.962754249572754,"z":21.702932357788087},"rotation":{"x":-0.28604012727737429,"y":0.6520491242408752,"z":-0.29091525077819826,"w":-0.6388118863105774},"size":4.363938331604004,"orthographic":false}