{"cameraMode":{"drawMode":0,"name":"Shaded","section":"Shading Mode"},"sceneLighting":true,"audioPlay":false,"sceneViewState":{"m_AlwaysRefresh":false,"showFog":true,"showSkybox":true,"showFlares":true,"showImageEffects":true,"showParticleSystems":true,"showVisualEffectGraphs":true,"m_FxEnabled":true},"in2DMode":false,"pivot":{"x":-6.932293891906738,"y":4.107288360595703,"z":-15.007996559143067},"rotation":{"x":-0.01696290820837021,"y":-0.3061719238758087,"z":0.007086913101375103,"w":-0.9521004557609558},"size":0.4392704963684082,"orthographic":false}