{"cameraMode":{"drawMode":0,"name":"Shaded","section":"Shading Mode"},"sceneLighting":true,"audioPlay":false,"sceneViewState":{"m_AlwaysRefresh":false,"showFog":true,"showSkybox":true,"showFlares":true,"showImageEffects":true,"showParticleSystems":true,"showVisualEffectGraphs":true,"m_FxEnabled":true},"in2DMode":false,"pivot":{"x":485.9961242675781,"y":14.432918548583985,"z":2246.202392578125},"rotation":{"x":-0.07227230817079544,"y":0.010712074115872383,"z":0.00043267570436000824,"w":-0.9974961876869202},"size":1518.340576171875,"orthographic":false}