{"cameraMode":{"drawMode":0,"name":"Shaded","section":"Shading Mode"},"sceneLighting":true,"audioPlay":false,"sceneViewState":{"m_AlwaysRefresh":false,"showFog":true,"showSkybox":true,"showFlares":true,"showImageEffects":true,"showParticleSystems":true,"showVisualEffectGraphs":true,"m_FxEnabled":true},"in2DMode":false,"pivot":{"x":-3.0120246410369875,"y":-3.8551509380340578,"z":-10.22630500793457},"rotation":{"x":0.027559496462345125,"y":-0.9578046798706055,"z":0.2684978246688843,"w":0.09832563996315003},"size":7.969265937805176,"orthographic":false}