{"cameraMode":{"drawMode":0,"name":"Shaded","section":"Shading Mode"},"sceneLighting":true,"audioPlay":false,"sceneViewState":{"m_AlwaysRefresh":false,"showFog":true,"showSkybox":true,"showFlares":true,"showImageEffects":true,"showParticleSystems":true,"showVisualEffectGraphs":true,"m_FxEnabled":true},"in2DMode":false,"pivot":{"x":0.07469986379146576,"y":11.66801643371582,"z":-8.716354370117188},"rotation":{"x":0.08073263615369797,"y":0.8931207656860352,"z":-0.40423154830932619,"w":0.18087370693683625},"size":1.7966058254241944,"orthographic":false}